movement_id,timestamp
"0,1",2026-03-31T12:53:07.084347
"1,2",2026-03-31T12:53:11.383266
"2,3",2026-03-31T12:53:15.751236
"3,4",2026-03-31T12:53:20.184906
"4,5",2026-03-31T12:53:24.454293
"5,6",2026-03-31T12:53:45.226543
"6,7",2026-03-31T12:53:49.533738
"7,8",2026-03-31T12:53:53.603464
"8,9",2026-03-31T12:53:57.759416
"9,10",2026-03-31T12:54:01.906919
"10,11",2026-03-31T12:54:06.165121
"11,12",2026-03-31T12:54:10.483814
"12,13",2026-03-31T12:54:14.616074
"13,14",2026-03-31T12:54:18.703640
"14,15",2026-03-31T12:54:22.911797
"15,16",2026-03-31T12:54:27.016398
"16,17",2026-03-31T12:54:31.068362
"17,18",2026-03-31T12:54:35.281725
"18,19",2026-03-31T12:54:39.597158
"19,20",2026-03-31T12:54:43.700934
"20,21",2026-03-31T12:54:47.705878
"21,22",2026-03-31T12:54:51.723392
"22,23",2026-03-31T12:54:55.760988
"23,24",2026-03-31T12:55:00.010418
"24,25",2026-03-31T12:55:04.012810
"25,26",2026-03-31T12:55:08.239716
"26,27",2026-03-31T12:55:13.181432
"27,28",2026-03-31T12:55:18.282396
"28,29",2026-03-31T12:55:23.300466
"29,30",2026-03-31T12:55:29.014885
"30,31",2026-03-31T12:55:34.629630
"31,32",2026-03-31T12:55:39.674412
"32,33",2026-03-31T12:55:44.772074
"33,34",2026-03-31T12:55:49.475996
"34,35",2026-03-31T12:55:54.372640
"35,36",2026-03-31T12:55:59.283886
"36,37",2026-03-31T12:56:04.110018
"37,38",2026-03-31T12:56:08.990340
"38,39",2026-03-31T12:56:13.668982
"39,40",2026-03-31T12:56:18.342241
"40,41",2026-03-31T12:56:22.820141
"41,42",2026-03-31T12:56:27.319863
"42,43",2026-03-31T12:56:32.001262
"43,44",2026-03-31T12:56:36.643287
"44,45",2026-03-31T12:56:41.189610
"45,46",2026-03-31T12:56:45.784454
"46,47",2026-03-31T12:56:50.476975
"47,48",2026-03-31T12:56:54.885003
"48,49",2026-03-31T12:56:59.962810
"49,50",2026-03-31T12:57:04.693455
"50,51",2026-03-31T12:57:09.298675
"51,52",2026-03-31T12:57:13.894040
"52,53",2026-03-31T12:57:18.597108
"53,54",2026-03-31T12:57:23.147081
"54,55",2026-03-31T12:57:27.795211
"55,56",2026-03-31T12:57:32.468686
"56,57",2026-03-31T12:57:37.213174
"57,58",2026-03-31T12:57:42.597639
"58,59",2026-03-31T12:57:48.196290
"59,60",2026-03-31T12:57:54.271653
"60,61",2026-03-31T12:57:59.956568
"61,62",2026-03-31T12:58:05.423012
"62,63",2026-03-31T12:58:10.748632
"63,64",2026-03-31T12:58:16.168658
"64,65",2026-03-31T12:58:21.781904
"65,66",2026-03-31T12:58:27.607250
"66,67",2026-03-31T12:58:33.204050
"67,68",2026-03-31T12:58:38.819940
"68,69",2026-03-31T12:58:44.046920
"69,70",2026-03-31T12:58:48.959267
"70,71",2026-03-31T12:58:53.936067
"71,72",2026-03-31T12:58:59.193709
"72,73",2026-03-31T12:59:04.424122
"73,74",2026-03-31T12:59:09.318676
"74,75",2026-03-31T12:59:14.575374
"75,76",2026-03-31T12:59:19.277145
"76,77",2026-03-31T12:59:23.854891
"77,78",2026-03-31T12:59:28.474044
"78,79",2026-03-31T12:59:33.051599
"79,80",2026-03-31T12:59:37.463704
"80,81",2026-03-31T12:59:42.471675
"81,82",2026-03-31T12:59:47.353586
"82,83",2026-03-31T12:59:52.267927
"83,84",2026-03-31T12:59:57.023917
"84,85",2026-03-31T13:00:01.790464
"85,86",2026-03-31T13:00:06.215555
"86,87",2026-03-31T13:00:10.727855
"87,88",2026-03-31T13:00:15.474939
"88,89",2026-03-31T13:00:19.882031
"89,90",2026-03-31T13:00:24.308313
"90,91",2026-03-31T13:00:28.788877
"91,92",2026-03-31T13:00:33.308776
"92,93",2026-03-31T13:00:37.729530
"93,94",2026-03-31T13:00:42.492770
"94,95",2026-03-31T13:00:46.913053
"95,96",2026-03-31T13:00:51.231307
"96,97",2026-03-31T13:00:55.766469
"97,98",2026-03-31T13:01:00.070623
"98,99",2026-03-31T13:01:04.405757
"99,100",2026-03-31T13:01:09.045047
"100,101",2026-03-31T13:01:13.387704
"101,102",2026-03-31T13:01:17.783955
"102,103",2026-03-31T13:01:22.045541
"103,104",2026-03-31T13:01:26.343718
"104,105",2026-03-31T13:01:30.776030
"105,106",2026-03-31T13:01:35.737334
"106,107",2026-03-31T13:01:39.943974
"107,108",2026-03-31T13:01:44.470174
"108,109",2026-03-31T13:01:48.702107
"109,110",2026-03-31T13:01:53.085200
"110,111",2026-03-31T13:01:58.008065
"111,112",2026-03-31T13:02:02.878855
"112,113",2026-03-31T13:02:07.489681
"113,114",2026-03-31T13:02:11.825015
"114,115",2026-03-31T13:02:15.962349
"115,116",2026-03-31T13:02:20.049153
"116,117",2026-03-31T13:02:24.274591
"117,118",2026-03-31T13:02:28.530076
"118,119",2026-03-31T13:02:32.760264
"119,120",2026-03-31T13:02:36.975903
"120,121",2026-03-31T13:02:41.118521
"121,122",2026-03-31T13:02:45.431397
"122,123",2026-03-31T13:02:49.560006
"123,124",2026-03-31T13:02:53.747612
"124,125",2026-03-31T13:02:58.088165
"125,126",2026-03-31T13:03:02.396583
"126,127",2026-03-31T13:03:06.473527
"127,128",2026-03-31T13:03:10.552923
"128,129",2026-03-31T13:03:14.745998
"129,130",2026-03-31T13:03:18.905533
"130,131",2026-03-31T13:03:23.008941
"131,132",2026-03-31T13:03:27.261824
"132,133",2026-03-31T13:03:31.648755
"133,134",2026-03-31T13:03:36.164147
"134,135",2026-03-31T13:03:40.263033
"135,136",2026-03-31T13:03:44.899540
"136,137",2026-03-31T13:03:49.535084
"137,138",2026-03-31T13:03:53.908353
"138,139",2026-03-31T13:03:58.373893
"139,140",2026-03-31T13:04:02.863803
"140,141",2026-03-31T13:04:07.019923
"141,142",2026-03-31T13:04:11.481582
"142,143",2026-03-31T13:04:15.947222
"143,144",2026-03-31T13:04:20.137413
"144,145",2026-03-31T13:04:24.374272
"145,146",2026-03-31T13:04:28.767996
"146,147",2026-03-31T13:04:33.340255
"147,148",2026-03-31T13:04:38.074508
"148,149",2026-03-31T13:04:42.476746
"149,150",2026-03-31T13:04:46.881539
"150,151",2026-03-31T13:04:51.360414
"151,152",2026-03-31T13:04:55.818652
"152,153",2026-03-31T13:05:00.145996
"153,154",2026-03-31T13:05:04.449230
"154,155",2026-03-31T13:05:08.693898
"155,156",2026-03-31T13:05:12.932810
"156,157",2026-03-31T13:05:17.197080
"157,158",2026-03-31T13:05:21.485630
"158,159",2026-03-31T13:05:25.745537
"159,160",2026-03-31T13:05:30.366050
"160,161",2026-03-31T13:05:34.670117
"161,162",2026-03-31T13:05:39.085002
"162,163",2026-03-31T13:05:43.643790
"163,164",2026-03-31T13:05:47.942288
"164,165",2026-03-31T13:05:52.207128
"165,166",2026-03-31T13:05:57.723633
"166,167",2026-03-31T13:06:03.540022
"167,168",2026-03-31T13:06:08.241429
"168,169",2026-03-31T13:06:14.526616
"169,170",2026-03-31T13:06:19.900887
"170,171",2026-03-31T13:06:24.678152
"171,172",2026-03-31T13:06:29.438497
"172,173",2026-03-31T13:06:34.085927
"173,174",2026-03-31T13:06:38.714747
"174,175",2026-03-31T13:06:43.384470
"175,176",2026-03-31T13:06:48.053285
"176,177",2026-03-31T13:06:52.681432
"177,178",2026-03-31T13:06:57.436385
"178,179",2026-03-31T13:07:02.217621
"179,180",2026-03-31T13:07:07.002835
"180,181",2026-03-31T13:07:11.821920
"181,182",2026-03-31T13:07:16.685445
"182,183",2026-03-31T13:07:21.387953
"183,184",2026-03-31T13:07:26.189073
"184,185",2026-03-31T13:07:31.120663
"185,186",2026-03-31T13:07:36.161142
"186,187",2026-03-31T13:07:41.138973
"187,188",2026-03-31T13:07:46.174743
"188,189",2026-03-31T13:07:51.119043
"189,190",2026-03-31T13:07:55.880858
"190,191",2026-03-31T13:08:00.773067
"191,192",2026-03-31T13:08:05.737423
"192,193",2026-03-31T13:08:10.920997
"193,194",2026-03-31T13:08:16.281221
"194,195",2026-03-31T13:08:21.429539
"195,196",2026-03-31T13:08:26.676380
"196,197",2026-03-31T13:08:31.926185
"197,198",2026-03-31T13:08:36.613662
"198,199",2026-03-31T13:08:41.473033
"199,200",2026-03-31T13:08:46.526816
"200,201",2026-03-31T13:08:51.323679
"201,202",2026-03-31T13:08:56.507614
"202,203",2026-03-31T13:09:01.467242
"203,204",2026-03-31T13:09:06.486444
"204,205",2026-03-31T13:09:11.254934
"205,206",2026-03-31T13:09:16.297198
"206,207",2026-03-31T13:09:21.245433
"207,208",2026-03-31T13:09:26.330891
"208,209",2026-03-31T13:09:31.235072
"209,210",2026-03-31T13:09:36.163332
"210,211",2026-03-31T13:09:41.458660
"211,212",2026-03-31T13:09:46.502339
"212,213",2026-03-31T13:09:51.163278
"213,214",2026-03-31T13:09:56.081412
"214,215",2026-03-31T13:10:00.822942
"215,216",2026-03-31T13:10:05.461749
"216,217",2026-03-31T13:10:10.005936
"217,218",2026-03-31T13:10:14.158872
"218,219",2026-03-31T13:10:18.039476
"219,220",2026-03-31T13:10:22.710192
"220,221",2026-03-31T13:10:27.267551
"221,222",2026-03-31T13:10:30.809158
"222,223",2026-03-31T13:10:34.298248
"223,224",2026-03-31T13:10:38.595392
"224,225",2026-03-31T13:10:42.725387
"225,226",2026-03-31T13:10:45.912392
"226,227",2026-03-31T13:10:48.915113
"227,228",2026-03-31T13:10:53.154864
"228,229",2026-03-31T13:10:57.230007
"229,230",2026-03-31T13:11:00.918933
"230,231",2026-03-31T13:11:04.501718
"231,232",2026-03-31T13:11:08.365280
"232,233",2026-03-31T13:11:12.517249
"233,234",2026-03-31T13:11:16.730507
"234,235",2026-03-31T13:11:19.940593
"235,236",2026-03-31T13:11:22.335246
"236,237",2026-03-31T13:11:25.547663
"237,238",2026-03-31T13:11:30.053690
"238,239",2026-03-31T13:11:33.973915
"239,240",2026-03-31T13:11:37.447731
"240,241",2026-03-31T13:11:41.479937
"241,242",2026-03-31T13:11:45.727377
"242,243",2026-03-31T13:11:50.182743
"243,244",2026-03-31T13:11:54.276480
"244,245",2026-03-31T13:11:57.580743
"245,246",2026-03-31T13:12:00.926208
"246,247",2026-03-31T13:12:05.407451
"247,248",2026-03-31T13:12:09.805511
"248,249",2026-03-31T13:12:13.828918
"249,250",2026-03-31T13:12:17.440805
"250,251",2026-03-31T13:12:21.648397
"251,252",2026-03-31T13:12:25.828309
"252,253",2026-03-31T13:12:28.857886
"253,254",2026-03-31T13:12:32.134231
"254,255",2026-03-31T13:12:36.439836
"255,256",2026-03-31T13:12:40.968152
"256,257",2026-03-31T13:12:44.874142
"257,258",2026-03-31T13:12:48.551359
"258,259",2026-03-31T13:12:52.545826
"259,260",2026-03-31T13:12:57.234737
"260,261",2026-03-31T13:13:01.537017
"261,262",2026-03-31T13:13:05.155615
"262,263",2026-03-31T13:13:07.954499
"263,264",2026-03-31T13:13:11.397444
"264,265",2026-03-31T13:13:15.919709
"265,266",2026-03-31T13:13:20.177086
"266,267",2026-03-31T13:13:24.542070
"267,268",2026-03-31T13:13:29.419612
"268,269",2026-03-31T13:13:34.326348
"269,270",2026-03-31T13:13:39.297444
"270,271",2026-03-31T13:13:44.314554
"271,272",2026-03-31T13:13:49.292831
"272,273",2026-03-31T13:13:54.496681
"273,274",2026-03-31T13:13:59.683561
"274,275",2026-03-31T13:14:04.477460
"275,276",2026-03-31T13:14:09.563081
"276,277",2026-03-31T13:14:14.718966
"277,278",2026-03-31T13:14:19.674084
"278,279",2026-03-31T13:14:24.892034
"279,280",2026-03-31T13:14:30.075136
"280,281",2026-03-31T13:14:35.071330
"281,282",2026-03-31T13:14:40.291938
"282,283",2026-03-31T13:14:45.430279
"283,284",2026-03-31T13:14:50.379836
"284,285",2026-03-31T13:14:55.386984
"285,286",2026-03-31T13:15:00.332066
"286,287",2026-03-31T13:15:05.413587
"287,288",2026-03-31T13:15:10.412092
"288,289",2026-03-31T13:15:15.408284
"289,290",2026-03-31T13:15:20.177293
"290,291",2026-03-31T13:15:25.120047
"291,292",2026-03-31T13:15:29.953856
"292,293",2026-03-31T13:15:34.952936
"293,294",2026-03-31T13:15:40.324761
"294,295",2026-03-31T13:15:45.994927
"295,296",2026-03-31T13:15:51.580107
"296,297",2026-03-31T13:15:56.823050
"297,298",2026-03-31T13:16:01.994184
"298,299",2026-03-31T13:16:07.111669
"299,300",2026-03-31T13:16:12.265564
"300,301",2026-03-31T13:16:17.392121
"301,302",2026-03-31T13:16:22.399752
"302,303",2026-03-31T13:16:27.482669
"303,304",2026-03-31T13:16:32.313000
"304,305",2026-03-31T13:16:37.082085
"305,306",2026-03-31T13:16:41.714828
"306,307",2026-03-31T13:16:46.378484
"307,308",2026-03-31T13:16:52.959099
"308,309",2026-03-31T13:16:58.350053
"309,310",2026-03-31T13:17:04.194530
"310,311",2026-03-31T13:17:09.763524
"311,312",2026-03-31T13:17:15.774090
"312,313",2026-03-31T13:17:22.347998
"313,314",2026-03-31T13:17:28.752470
"314,315",2026-03-31T13:17:35.746264
"315,316",2026-03-31T13:17:41.783989
"316,317",2026-03-31T13:17:48.060281
"317,318",2026-03-31T13:17:54.962409
"318,319",2026-03-31T13:18:00.965378
"319,320",2026-03-31T13:18:07.719779
"320,321",2026-03-31T13:18:14.334175
"321,322",2026-03-31T13:18:20.271333
"322,323",2026-03-31T13:18:26.543165
"323,324",2026-03-31T13:18:32.964652
"324,325",2026-03-31T13:18:39.352445
"325,326",2026-03-31T13:18:45.886155
"326,327",2026-03-31T13:18:52.461408
"327,328",2026-03-31T13:18:59.228257
"328,329",2026-03-31T13:19:05.599363
"329,330",2026-03-31T13:19:12.207331
"330,331",2026-03-31T13:19:18.633472
"331,332",2026-03-31T13:19:25.186860
"332,333",2026-03-31T13:19:31.516164
"333,334",2026-03-31T13:19:37.942927
"334,335",2026-03-31T13:19:44.336282
"335,336",2026-03-31T13:19:50.545282
"336,337",2026-03-31T13:19:56.782043
"337,338",2026-03-31T13:20:03.113507
"338,339",2026-03-31T13:20:09.188218
"339,340",2026-03-31T13:20:15.185626
"340,341",2026-03-31T13:20:21.732866
"341,342",2026-03-31T13:20:28.581938
"342,343",2026-03-31T13:20:34.915127
"343,344",2026-03-31T13:20:42.047456
"344,345",2026-03-31T13:20:48.622655
"345,346",2026-03-31T13:20:55.001233
"346,347",2026-03-31T13:21:01.274477
"347,348",2026-03-31T13:21:07.773390
"348,349",2026-03-31T13:21:13.845930
"349,350",2026-03-31T13:21:19.474119
"350,351",2026-03-31T13:21:25.179346
"351,352",2026-03-31T13:21:30.885541
"352,353",2026-03-31T13:21:36.661894
"353,354",2026-03-31T13:21:42.780710
"354,355",2026-03-31T13:21:49.059990
"355,356",2026-03-31T13:21:55.143161
"356,357",2026-03-31T13:22:00.817831
"357,358",2026-03-31T13:22:06.696560
"358,359",2026-03-31T13:22:12.952847
"359,360",2026-03-31T13:22:19.101036
"360,361",2026-03-31T13:22:25.697754
"361,362",2026-03-31T13:22:32.453805
"362,363",2026-03-31T13:22:38.668741
"363,364",2026-03-31T13:22:45.247393
"364,365",2026-03-31T13:22:51.743312
"365,366",2026-03-31T13:22:58.191412
"366,367",2026-03-31T13:23:04.718105
"367,368",2026-03-31T13:23:11.147603
"368,369",2026-03-31T13:23:17.629896
"369,370",2026-03-31T13:23:23.872623
"370,371",2026-03-31T13:23:30.320679
"371,372",2026-03-31T13:23:36.527594
"372,373",2026-03-31T13:23:43.015140
"373,374",2026-03-31T13:23:49.362367
"374,375",2026-03-31T13:23:55.874560
"375,376",2026-03-31T13:24:02.218650
"376,377",2026-03-31T13:24:08.533830
"377,378",2026-03-31T13:24:14.736884
"378,379",2026-03-31T13:24:21.067412
"379,380",2026-03-31T13:24:27.452845
"380,381",2026-03-31T13:24:33.662690
"381,382",2026-03-31T13:24:40.248914
"382,383",2026-03-31T13:24:46.691851
"383,384",2026-03-31T13:24:53.243368
"384,385",2026-03-31T13:24:59.616125
"385,386",2026-03-31T13:25:05.708520
"386,387",2026-03-31T13:25:11.859817
"387,388",2026-03-31T13:25:18.464126
"388,389",2026-03-31T13:25:24.583508
"389,390",2026-03-31T13:25:30.844448
"390,391",2026-03-31T13:25:36.609114
"391,392",2026-03-31T13:25:42.430352
"392,393",2026-03-31T13:25:47.941894
"393,394",2026-03-31T13:25:53.845056
"394,395",2026-03-31T13:25:59.240905
"395,396",2026-03-31T13:26:04.196740
"396,397",2026-03-31T13:26:09.487076
"397,398",2026-03-31T13:26:14.739537
"398,399",2026-03-31T13:26:19.994339
"399,400",2026-03-31T13:26:25.242593
"400,401",2026-03-31T13:26:30.437264
"401,402",2026-03-31T13:26:35.542616
"402,403",2026-03-31T13:26:41.104554
"403,404",2026-03-31T13:26:46.611733
"404,405",2026-03-31T13:26:51.689951
"405,406",2026-03-31T13:26:56.787909
"406,407",2026-03-31T13:27:02.133692
"407,408",2026-03-31T13:27:07.480703
"408,409",2026-03-31T13:27:13.157121
"409,410",2026-03-31T13:27:18.745930
"410,411",2026-03-31T13:27:24.267165
"411,412",2026-03-31T13:27:30.341555
"412,413",2026-03-31T13:27:35.914241
"413,414",2026-03-31T13:27:41.443724
"414,415",2026-03-31T13:27:47.390673
"415,416",2026-03-31T13:27:52.996539
"416,417",2026-03-31T13:27:58.315474
"417,418",2026-03-31T13:28:03.931891
"418,419",2026-03-31T13:28:09.323956
"419,420",2026-03-31T13:28:15.726533
"420,421",2026-03-31T13:28:22.948416
"421,422",2026-03-31T13:28:29.177334
"422,423",2026-03-31T13:28:35.035432
"423,424",2026-03-31T13:28:40.937017
"424,425",2026-03-31T13:28:47.149518
"425,426",2026-03-31T13:28:53.113275
"426,427",2026-03-31T13:28:59.634357
"427,428",2026-03-31T13:29:06.480473
"428,429",2026-03-31T13:29:12.831156
"429,430",2026-03-31T13:29:19.196504
"430,431",2026-03-31T13:29:25.580887
"431,432",2026-03-31T13:29:32.040541
"432,433",2026-03-31T13:29:38.675838
"433,434",2026-03-31T13:29:45.422736
"434,435",2026-03-31T13:29:51.719707
"435,436",2026-03-31T13:29:57.961442
"436,437",2026-03-31T13:30:04.137727
"437,438",2026-03-31T13:30:09.953323
"438,439",2026-03-31T13:30:15.852404
"439,440",2026-03-31T13:30:22.153667
"440,441",2026-03-31T13:30:28.290724
"441,442",2026-03-31T13:30:34.616241
"442,443",2026-03-31T13:30:41.310595
"443,444",2026-03-31T13:30:48.014296
"444,445",2026-03-31T13:30:54.886142
"445,446",2026-03-31T13:31:01.393890
"446,447",2026-03-31T13:31:07.718416
"447,448",2026-03-31T13:31:14.379250
"448,449",2026-03-31T13:31:21.216901
"449,450",2026-03-31T13:31:27.547911
"450,451",2026-03-31T13:31:33.267574
"451,452",2026-03-31T13:31:39.419235
"452,453",2026-03-31T13:31:45.826107
"453,454",2026-03-31T13:31:52.122386
"454,455",2026-03-31T13:31:58.024439
"455,456",2026-03-31T13:32:03.821871
"456,457",2026-03-31T13:32:09.574876
"457,458",2026-03-31T13:32:14.720548
"458,459",2026-03-31T13:32:19.850255
"459,460",2026-03-31T13:32:24.318482
"460,461",2026-03-31T13:32:28.345402
"461,462",2026-03-31T13:32:32.637038
"462,463",2026-03-31T13:32:36.978254
"463,464",2026-03-31T13:32:42.391174
"464,465",2026-03-31T13:32:46.912924
"465,466",2026-03-31T13:32:51.697507
"466,467",2026-03-31T13:32:56.155309
"467,468",2026-03-31T13:33:00.566251
"468,469",2026-03-31T13:33:04.936166
"469,470",2026-03-31T13:33:08.978433
"470,471",2026-03-31T13:33:13.561080
"471,472",2026-03-31T13:33:18.062559
"472,473",2026-03-31T13:33:22.705188
"473,474",2026-03-31T13:33:27.355005
"474,475",2026-03-31T13:33:32.121809
"475,476",2026-03-31T13:33:36.499341
"476,477",2026-03-31T13:33:41.172916
"477,478",2026-03-31T13:33:45.352656
"478,479",2026-03-31T13:33:49.535155
"479,480",2026-03-31T13:33:53.809813
"480,481",2026-03-31T13:33:58.457493
"481,482",2026-03-31T13:34:02.525714
"482,483",2026-03-31T13:34:06.615865
"483,484",2026-03-31T13:34:11.239998
"484,485",2026-03-31T13:34:16.191563
"485,486",2026-03-31T13:34:20.849777
"486,487",2026-03-31T13:34:25.898647
"487,488",2026-03-31T13:34:29.443780
"488,489",2026-03-31T13:34:32.834747
"489,490",2026-03-31T13:34:37.340306
"490,491",2026-03-31T13:34:41.733149
"491,492",2026-03-31T13:34:45.739484
"492,493",2026-03-31T13:34:49.624934
"493,494",2026-03-31T13:34:54.131448
"494,495",2026-03-31T13:34:58.101225
"495,496",2026-03-31T13:35:01.157393
"496,497",2026-03-31T13:35:04.116780
"497,498",2026-03-31T13:35:08.301437
"498,499",2026-03-31T13:35:12.578104
"499,500",2026-03-31T13:35:16.564828
"500,501",2026-03-31T13:35:20.448569
"501,502",2026-03-31T13:35:24.686270
"502,503",2026-03-31T13:35:29.208764
"503,504",2026-03-31T13:35:33.238354
"504,505",2026-03-31T13:35:36.453764
"505,506",2026-03-31T13:35:38.782884
"506,507",2026-03-31T13:35:42.116032
"507,508",2026-03-31T13:35:47.657337
"508,509",2026-03-31T13:35:52.883739
"509,510",2026-03-31T13:35:57.660000
"510,511",2026-03-31T13:36:03.960134
"511,512",2026-03-31T13:36:09.107778
"512,513",2026-03-31T13:36:14.026273
"513,514",2026-03-31T13:36:19.237148
"514,515",2026-03-31T13:36:23.132947
"515,516",2026-03-31T13:36:27.067665
"516,517",2026-03-31T13:36:31.978379
"517,518",2026-03-31T13:36:36.954329
"518,519",2026-03-31T13:36:41.327827
"519,520",2026-03-31T13:36:45.743097
"520,521",2026-03-31T13:36:50.813965
"521,522",2026-03-31T13:36:55.713439
"522,523",2026-03-31T13:36:59.278411
"523,524",2026-03-31T13:37:03.148885
"524,525",2026-03-31T13:37:07.961252
"525,526",2026-03-31T13:37:13.315692
"526,527",2026-03-31T13:37:18.379947
"527,528",2026-03-31T13:37:22.920940
"528,529",2026-03-31T13:37:28.087771
"529,530",2026-03-31T13:37:32.750563
"530,531",2026-03-31T13:37:37.517488
"531,532",2026-03-31T13:37:41.303104
"532,533",2026-03-31T13:37:44.260996
"533,534",2026-03-31T13:37:48.217060
"534,535",2026-03-31T13:37:53.341307
"535,536",2026-03-31T13:37:58.237969
"536,537",2026-03-31T13:38:02.090077
"537,538",2026-03-31T13:38:06.743875
"538,539",2026-03-31T13:38:12.041922
"539,540",2026-03-31T13:38:17.302837
"540,541",2026-03-31T13:38:22.294537
"541,542",2026-03-31T13:38:27.379037
"542,543",2026-03-31T13:38:32.303942
"543,544",2026-03-31T13:38:37.387701
"544,545",2026-03-31T13:38:42.790749
"545,546",2026-03-31T13:38:47.866656
"546,547",2026-03-31T13:38:53.158022
"547,548",2026-03-31T13:38:58.340776
"548,549",2026-03-31T13:39:03.623370
"549,550",2026-03-31T13:39:08.455461
"550,551",2026-03-31T13:39:13.652428
"551,552",2026-03-31T13:39:18.750449
"552,553",2026-03-31T13:39:23.899393
"553,554",2026-03-31T13:39:29.257462
"554,555",2026-03-31T13:39:34.281973
"555,556",2026-03-31T13:39:39.638122
"556,557",2026-03-31T13:39:44.762214
"557,558",2026-03-31T13:39:49.840987
"558,559",2026-03-31T13:39:55.264026
"559,560",2026-03-31T13:40:00.473612
"560,561",2026-03-31T13:40:05.745820
"561,562",2026-03-31T13:40:10.846129
"562,563",2026-03-31T13:40:15.796536
"563,564",2026-03-31T13:40:20.774926
"564,565",2026-03-31T13:40:25.764222
"565,566",2026-03-31T13:40:30.953001
"566,567",2026-03-31T13:40:35.842015
"567,568",2026-03-31T13:40:40.439767
"568,569",2026-03-31T13:40:45.064914
"569,570",2026-03-31T13:40:49.617878
"570,571",2026-03-31T13:40:54.242368
"571,572",2026-03-31T13:40:58.553403
"572,573",2026-03-31T13:41:03.025303
"573,574",2026-03-31T13:41:08.135745
"574,575",2026-03-31T13:41:13.143634
"575,576",2026-03-31T13:41:17.882079
"576,577",2026-03-31T13:41:22.458489
"577,578",2026-03-31T13:41:26.856121
"578,579",2026-03-31T13:41:31.160677
"579,580",2026-03-31T13:41:35.700817
"580,581",2026-03-31T13:41:40.031701
"581,582",2026-03-31T13:41:44.578705
"582,583",2026-03-31T13:41:49.065042
"583,584",2026-03-31T13:41:53.427911
"584,585",2026-03-31T13:41:57.904759
"585,586",2026-03-31T13:42:02.655657
"586,587",2026-03-31T13:42:07.217172
"587,588",2026-03-31T13:42:12.060891
"588,589",2026-03-31T13:42:16.650870
"589,590",2026-03-31T13:42:21.144224
"590,591",2026-03-31T13:42:25.505480
"591,592",2026-03-31T13:42:29.991252
"592,593",2026-03-31T13:42:34.565853
"593,594",2026-03-31T13:42:39.319769
"594,595",2026-03-31T13:42:44.088684
"595,596",2026-03-31T13:42:49.118198
"596,597",2026-03-31T13:42:54.202625
"597,598",2026-03-31T13:42:59.654812
"598,599",2026-03-31T13:43:05.313443
"599,600",2026-03-31T13:43:11.033946
"600,601",2026-03-31T13:43:16.804237
"601,602",2026-03-31T13:43:22.863626
"602,603",2026-03-31T13:43:28.071352
"603,604",2026-03-31T13:43:32.858856
"604,605",2026-03-31T13:43:37.826017
"605,606",2026-03-31T13:43:42.735173
"606,607",2026-03-31T13:43:47.932785
"607,608",2026-03-31T13:43:52.769544
"608,609",2026-03-31T13:43:57.234311
"609,610",2026-03-31T13:44:01.732571
"610,611",2026-03-31T13:44:06.518258
"611,612",2026-03-31T13:44:10.922863
"612,613",2026-03-31T13:44:15.389982
"613,614",2026-03-31T13:44:20.445847
"614,615",2026-03-31T13:44:25.275715
"615,616",2026-03-31T13:44:30.072963
"616,617",2026-03-31T13:44:34.988846
"617,618",2026-03-31T13:44:39.526725
"618,619",2026-03-31T13:44:44.499684
"619,620",2026-03-31T13:44:49.467466
"620,621",2026-03-31T13:44:54.180263
"621,622",2026-03-31T13:44:58.994063
"622,623",2026-03-31T13:45:04.107855
"623,624",2026-03-31T13:45:09.030206
"624,625",2026-03-31T13:45:13.853110
"625,626",2026-03-31T13:45:18.698183
"626,627",2026-03-31T13:45:23.282784
"627,628",2026-03-31T13:45:27.868947
"628,629",2026-03-31T13:45:32.448065
"629,630",2026-03-31T13:45:36.736323
"630,631",2026-03-31T13:45:41.251417
"631,632",2026-03-31T13:45:45.791566
"632,633",2026-03-31T13:45:50.382873
"633,634",2026-03-31T13:45:55.012720
"634,635",2026-03-31T13:45:59.904534
"635,636",2026-03-31T13:46:05.021444
"636,637",2026-03-31T13:46:09.685621
"637,638",2026-03-31T13:46:14.263845
"638,639",2026-03-31T13:46:18.916724
"639,640",2026-03-31T13:46:23.647096
"640,641",2026-03-31T13:46:28.078953
"641,642",2026-03-31T13:46:33.498495
"642,643",2026-03-31T13:46:38.218850
"643,644",2026-03-31T13:46:43.057236
"644,645",2026-03-31T13:46:48.030505
"645,646",2026-03-31T13:46:53.214034
"646,647",2026-03-31T13:46:58.389826
"647,648",2026-03-31T13:47:03.322773
"648,649",2026-03-31T13:47:08.226825
"649,650",2026-03-31T13:47:13.323757
"650,651",2026-03-31T13:47:18.140070
"651,652",2026-03-31T13:47:22.862300
"652,653",2026-03-31T13:47:27.619680
"653,654",2026-03-31T13:47:32.879236
"654,655",2026-03-31T13:47:38.640717
"655,656",2026-03-31T13:47:43.878813
"656,657",2026-03-31T13:47:48.967091
"657,658",2026-03-31T13:47:53.982320
"658,659",2026-03-31T13:47:59.150772
"659,660",2026-03-31T13:48:04.815877
"660,661",2026-03-31T13:48:09.812929
"661,662",2026-03-31T13:48:15.043076
"662,663",2026-03-31T13:48:20.459179
"663,664",2026-03-31T13:48:25.770552
"664,665",2026-03-31T13:48:31.308766
"665,666",2026-03-31T13:48:37.017552
"666,667",2026-03-31T13:48:42.196807
"667,668",2026-03-31T13:48:47.363070
"668,669",2026-03-31T13:48:52.385448
"669,670",2026-03-31T13:48:57.389171
"670,671",2026-03-31T13:49:02.348440
"671,672",2026-03-31T13:49:07.220400
"672,673",2026-03-31T13:49:12.534508
"673,674",2026-03-31T13:49:17.611906
"674,675",2026-03-31T13:49:22.402086
"675,676",2026-03-31T13:49:27.495653
"676,677",2026-03-31T13:49:32.635534
"677,678",2026-03-31T13:49:37.130232
"678,679",2026-03-31T13:49:41.552070
"679,680",2026-03-31T13:49:46.071693
"680,681",2026-03-31T13:49:50.809793
"681,682",2026-03-31T13:49:55.382818
"682,683",2026-03-31T13:49:59.864897
"683,684",2026-03-31T13:50:04.361024
"684,685",2026-03-31T13:50:08.944505
"685,686",2026-03-31T13:50:13.804241
"686,687",2026-03-31T13:50:18.355062
"687,688",2026-03-31T13:50:23.078221
"688,689",2026-03-31T13:50:28.108173
"689,690",2026-03-31T13:50:33.325373
"690,691",2026-03-31T13:50:37.986858
"691,692",2026-03-31T13:50:42.660529
"692,693",2026-03-31T13:50:47.275374
"693,694",2026-03-31T13:50:51.771828
"694,695",2026-03-31T13:50:56.381806
"695,696",2026-03-31T13:51:01.130598
"696,697",2026-03-31T13:51:05.607668
"697,698",2026-03-31T13:51:10.071458
"698,699",2026-03-31T13:51:14.611248
"699,700",2026-03-31T13:51:19.813764
"700,701",2026-03-31T13:51:25.053118
"701,702",2026-03-31T13:51:29.718413
"702,703",2026-03-31T13:51:34.252440
"703,704",2026-03-31T13:51:38.644848
"704,705",2026-03-31T13:51:42.880620
"705,706",2026-03-31T13:51:47.450084
"706,707",2026-03-31T13:51:52.070528
"707,708",2026-03-31T13:51:56.440261
"708,709",2026-03-31T13:52:00.604836
"709,710",2026-03-31T13:52:04.887696
"710,711",2026-03-31T13:52:09.071858
"711,712",2026-03-31T13:52:13.244042
"712,713",2026-03-31T13:52:17.432756
"713,714",2026-03-31T13:52:21.771268
"714,715",2026-03-31T13:52:26.006335
"715,716",2026-03-31T13:52:30.191894
"716,717",2026-03-31T13:52:34.282089
"717,718",2026-03-31T13:52:38.471403
"718,719",2026-03-31T13:52:42.890367
"719,720",2026-03-31T13:52:47.138559
"720,721",2026-03-31T13:52:51.319392
"721,722",2026-03-31T13:52:55.444348
"722,723",2026-03-31T13:52:59.609088
"723,724",2026-03-31T13:53:04.176468
"724,725",2026-03-31T13:53:08.621408
"725,726",2026-03-31T13:53:13.084187
"726,727",2026-03-31T13:53:18.376448
"727,728",2026-03-31T13:53:23.580067
"728,729",2026-03-31T13:53:28.850452
"729,730",2026-03-31T13:53:34.234169
"730,731",2026-03-31T13:53:40.200942
"731,732",2026-03-31T13:53:45.223132
"732,733",2026-03-31T13:53:49.908170
"733,734",2026-03-31T13:53:54.339738
"734,735",2026-03-31T13:53:58.990397
"735,736",2026-03-31T13:54:03.401276
"736,737",2026-03-31T13:54:08.000643
"737,738",2026-03-31T13:54:12.430018
"738,739",2026-03-31T13:54:16.672771
"739,740",2026-03-31T13:54:20.689340
"740,741",2026-03-31T13:54:25.028148
"741,742",2026-03-31T13:54:29.606569
"742,743",2026-03-31T13:54:34.265192
"743,744",2026-03-31T13:54:38.748374
"744,745",2026-03-31T13:54:43.170841
"745,746",2026-03-31T13:54:47.581676
"746,747",2026-03-31T13:54:51.944315
"747,748",2026-03-31T13:54:56.463824
"748,749",2026-03-31T13:55:00.841501
"749,750",2026-03-31T13:55:05.339007
"750,751",2026-03-31T14:05:00.183259
"751,752",2026-03-31T14:05:04.496677
"752,753",2026-03-31T14:05:08.676729
"753,754",2026-03-31T14:05:14.846307
"754,755",2026-03-31T14:05:19.038339
"755,756",2026-03-31T14:05:23.421820
"756,757",2026-03-31T14:05:27.363790
"757,758",2026-03-31T14:05:30.841566
"758,759",2026-03-31T14:05:34.231291
"759,760",2026-03-31T14:05:38.651427
"760,761",2026-03-31T14:05:43.054120
"761,762",2026-03-31T14:05:46.270086
"762,763",2026-03-31T14:05:49.390370
"763,764",2026-03-31T14:05:53.523112
"764,765",2026-03-31T14:05:57.668549
"765,766",2026-03-31T14:06:00.598631
"766,767",2026-03-31T14:06:03.672011
"767,768",2026-03-31T14:06:07.739484
"768,769",2026-03-31T14:06:12.063028
"769,770",2026-03-31T14:06:16.135744
"770,771",2026-03-31T14:06:19.861436
"771,772",2026-03-31T14:06:23.779107
"772,773",2026-03-31T14:06:27.938900
"773,774",2026-03-31T14:06:32.425363
"774,775",2026-03-31T14:06:35.874584
"775,776",2026-03-31T14:06:38.684761
"776,777",2026-03-31T14:06:42.791932
"777,778",2026-03-31T14:06:48.488340
"778,779",2026-03-31T14:06:52.677684
"779,780",2026-03-31T14:06:56.725066
"780,781",2026-03-31T14:07:01.273193
"781,782",2026-03-31T14:07:05.939618
"782,783",2026-03-31T14:07:10.406960
"783,784",2026-03-31T14:07:15.036294
"784,785",2026-03-31T14:07:19.164040
"785,786",2026-03-31T14:07:22.983336
"786,787",2026-03-31T14:07:28.029332
"787,788",2026-03-31T14:07:33.007915
"788,789",2026-03-31T14:07:37.234275
"789,790",2026-03-31T14:07:41.657414
"790,791",2026-03-31T14:07:46.955985
"791,792",2026-03-31T14:07:52.627796
"792,793",2026-03-31T14:07:56.361350
"793,794",2026-03-31T14:08:00.031261
"794,795",2026-03-31T14:08:05.111120
"795,796",2026-03-31T14:08:10.842322
"796,797",2026-03-31T14:08:15.836819
"797,798",2026-03-31T14:08:20.953945
"798,799",2026-03-31T14:08:26.041580
"799,800",2026-03-31T14:08:31.054338
"800,801",2026-03-31T14:08:35.804607
"801,802",2026-03-31T14:08:39.764785
"802,803",2026-03-31T14:08:42.479064
"803,804",2026-03-31T14:08:46.094032
"804,805",2026-03-31T14:08:50.977764
"805,806",2026-03-31T14:08:55.650478
"806,807",2026-03-31T14:08:59.959246
"807,808",2026-03-31T14:09:04.960988
"808,809",2026-03-31T14:09:10.222965
"809,810",2026-03-31T14:09:15.177243
"810,811",2026-03-31T14:09:20.094055
"811,812",2026-03-31T14:09:25.244289
"812,813",2026-03-31T14:09:30.396248
"813,814",2026-03-31T14:09:36.579013
"814,815",2026-03-31T14:09:42.353752
"815,816",2026-03-31T14:09:47.789156
"816,817",2026-03-31T14:09:53.471416
"817,818",2026-03-31T14:09:59.353117
"818,819",2026-03-31T14:10:05.151276
"819,820",2026-03-31T14:10:10.478789
"820,821",2026-03-31T14:10:16.081929
"821,822",2026-03-31T14:10:21.631497
"822,823",2026-03-31T14:10:27.294517
"823,824",2026-03-31T14:10:32.803880
"824,825",2026-03-31T14:10:37.667417
"825,826",2026-03-31T14:10:42.659845
"826,827",2026-03-31T14:10:47.838687
"827,828",2026-03-31T14:10:53.139014
"828,829",2026-03-31T14:10:58.143754
"829,830",2026-03-31T14:11:03.550979
"830,831",2026-03-31T14:11:08.511541
"831,832",2026-03-31T14:11:13.524985
"832,833",2026-03-31T14:11:19.027764
"833,834",2026-03-31T14:11:23.873778
"834,835",2026-03-31T14:11:28.617796
"835,836",2026-03-31T14:11:33.319995
"836,837",2026-03-31T14:11:37.985586
"837,838",2026-03-31T14:11:42.849568
"838,839",2026-03-31T14:11:47.910997
"839,840",2026-03-31T14:11:52.655786
"840,841",2026-03-31T14:11:57.519206
"841,842",2026-03-31T14:12:02.206447
"842,843",2026-03-31T14:12:06.988890
"843,844",2026-03-31T14:12:11.841390
"844,845",2026-03-31T14:12:16.477317
"845,846",2026-03-31T14:12:21.168592
"846,847",2026-03-31T14:12:26.069541
"847,848",2026-03-31T14:12:30.668589
"848,849",2026-03-31T14:12:35.132821
"849,850",2026-03-31T14:12:39.618933
"850,851",2026-03-31T14:12:43.959132
"851,852",2026-03-31T14:12:48.517856
"852,853",2026-03-31T14:12:53.885458
"853,854",2026-03-31T14:12:58.988698
"854,855",2026-03-31T14:13:03.607309
"855,856",2026-03-31T14:13:08.349576
"856,857",2026-03-31T14:13:12.840641
"857,858",2026-03-31T14:13:16.871604
"858,859",2026-03-31T14:13:21.250996
"859,860",2026-03-31T14:13:25.570343
"860,861",2026-03-31T14:13:30.049618
"861,862",2026-03-31T14:13:34.680249
"862,863",2026-03-31T14:13:39.346141
"863,864",2026-03-31T14:13:43.719400
"864,865",2026-03-31T14:13:47.947768
"865,866",2026-03-31T14:13:52.253792
"866,867",2026-03-31T14:13:56.417641
"867,868",2026-03-31T14:14:00.699353
"868,869",2026-03-31T14:14:05.019184
"869,870",2026-03-31T14:14:09.189607
"870,871",2026-03-31T14:14:13.513351
"871,872",2026-03-31T14:14:17.659497
"872,873",2026-03-31T14:14:21.888742
"873,874",2026-03-31T14:14:26.178658
"874,875",2026-03-31T14:14:30.474568
"875,876",2026-03-31T14:14:34.792145
"876,877",2026-03-31T14:14:39.124706
"877,878",2026-03-31T14:14:43.527376
"878,879",2026-03-31T14:14:47.754542
"879,880",2026-03-31T14:14:52.137955
"880,881",2026-03-31T14:14:56.436887
"881,882",2026-03-31T14:15:00.847310
"882,883",2026-03-31T14:15:05.216576
"883,884",2026-03-31T14:15:09.685235
"884,885",2026-03-31T14:15:14.352371
"885,886",2026-03-31T14:15:18.946009
"886,887",2026-03-31T14:15:23.863632
"887,888",2026-03-31T14:15:28.492909
"888,889",2026-03-31T14:15:33.053526
"889,890",2026-03-31T14:15:37.804442
"890,891",2026-03-31T14:15:42.654980
"891,892",2026-03-31T14:15:47.254764
"892,893",2026-03-31T14:15:51.960712
"893,894",2026-03-31T14:15:56.780206
"894,895",2026-03-31T14:16:01.254884
"895,896",2026-03-31T14:16:05.992224
"896,897",2026-03-31T14:16:10.774065
"897,898",2026-03-31T14:16:15.386968
"898,899",2026-03-31T14:16:20.111084
"899,900",2026-03-31T14:16:24.729808
"900,901",2026-03-31T14:16:29.435050
"901,902",2026-03-31T14:16:33.919370
"902,903",2026-03-31T14:16:38.310684
"903,904",2026-03-31T14:16:43.044277
"904,905",2026-03-31T14:16:47.410455
"905,906",2026-03-31T14:16:51.884661
"906,907",2026-03-31T14:16:56.583238
"907,908",2026-03-31T14:17:01.401619
"908,909",2026-03-31T14:17:05.923988
"909,910",2026-03-31T14:17:10.541424
"910,911",2026-03-31T14:17:15.301533
"911,912",2026-03-31T14:17:20.201860
"912,913",2026-03-31T14:17:24.949384
"913,914",2026-03-31T14:17:30.030329
"914,915",2026-03-31T14:17:35.014387
"915,916",2026-03-31T14:17:39.829276
"916,917",2026-03-31T14:17:44.587737
"917,918",2026-03-31T14:17:49.171605
"918,919",2026-03-31T14:17:53.815697
"919,920",2026-03-31T14:17:58.478641
"920,921",2026-03-31T14:18:03.208251
"921,922",2026-03-31T14:18:08.162220
"922,923",2026-03-31T14:18:13.164722
"923,924",2026-03-31T14:18:18.412593
"924,925",2026-03-31T14:18:23.540990
"925,926",2026-03-31T14:18:28.481611
"926,927",2026-03-31T14:18:33.237808
"927,928",2026-03-31T14:18:38.274532
"928,929",2026-03-31T14:18:43.320807
"929,930",2026-03-31T14:18:48.162486
"930,931",2026-03-31T14:18:52.734235
"931,932",2026-03-31T14:18:57.365841
"932,933",2026-03-31T14:19:01.876522
"933,934",2026-03-31T14:19:06.375748
"934,935",2026-03-31T14:19:10.958800
"935,936",2026-03-31T14:19:15.672784
"936,937",2026-03-31T14:19:20.114339
"937,938",2026-03-31T14:19:24.624406
"938,939",2026-03-31T14:19:29.621460
"939,940",2026-03-31T14:19:34.514747
"940,941",2026-03-31T14:19:39.349855
"941,942",2026-03-31T14:19:44.164193
"942,943",2026-03-31T14:19:48.844036
"943,944",2026-03-31T14:19:53.828315
"944,945",2026-03-31T14:19:58.954094
"945,946",2026-03-31T14:20:03.629717
"946,947",2026-03-31T14:20:08.254942
"947,948",2026-03-31T14:20:12.779950
"948,949",2026-03-31T14:20:17.048036
"949,950",2026-03-31T14:20:21.558902
"950,951",2026-03-31T14:20:26.073298
"951,952",2026-03-31T14:20:30.494017
"952,953",2026-03-31T14:20:34.935995
"953,954",2026-03-31T14:20:39.545558
"954,955",2026-03-31T14:20:43.894525
"955,956",2026-03-31T14:20:48.286754
"956,957",2026-03-31T14:20:52.643020
"957,958",2026-03-31T14:20:56.839531
"958,959",2026-03-31T14:21:01.483585
"959,960",2026-03-31T14:21:06.062755
"960,961",2026-03-31T14:21:10.486283
"961,962",2026-03-31T14:21:15.242180
"962,963",2026-03-31T14:21:19.862860
"963,964",2026-03-31T14:21:24.488041
"964,965",2026-03-31T14:21:29.079692
"965,966",2026-03-31T14:21:34.067228
"966,967",2026-03-31T14:21:38.516627
"967,968",2026-03-31T14:21:43.222569
"968,969",2026-03-31T14:21:47.825905
"969,970",2026-03-31T14:21:52.708130
"970,971",2026-03-31T14:21:57.288722
"971,972",2026-03-31T14:22:02.018421
"972,973",2026-03-31T14:22:06.761170
"973,974",2026-03-31T14:22:11.464640
"974,975",2026-03-31T14:22:16.490463
"975,976",2026-03-31T14:22:21.320465
"976,977",2026-03-31T14:22:26.161248
"977,978",2026-03-31T14:22:30.876763
"978,979",2026-03-31T14:22:35.612428
"979,980",2026-03-31T14:22:40.111102
"980,981",2026-03-31T14:22:44.485243
"981,982",2026-03-31T14:22:48.600350
"982,983",2026-03-31T14:22:53.062451
"983,984",2026-03-31T14:22:57.423891
"984,985",2026-03-31T14:23:01.679670
"985,986",2026-03-31T14:23:06.168989
"986,987",2026-03-31T14:23:11.090281
"987,988",2026-03-31T14:23:15.868516
"988,989",2026-03-31T14:23:20.427093
"989,990",2026-03-31T14:23:25.440043
"990,991",2026-03-31T14:23:30.367030
"991,992",2026-03-31T14:23:34.820087
"992,993",2026-03-31T14:23:39.461154
"993,994",2026-03-31T14:23:44.315370
"994,995",2026-03-31T14:23:48.966834
"995,996",2026-03-31T14:23:53.669357
"996,997",2026-03-31T14:23:58.976240
"997,998",2026-03-31T14:24:04.171765
"998,999",2026-03-31T14:24:08.966879
"999,1000",2026-03-31T14:24:13.645810
"1000,1001",2026-03-31T14:24:18.409633
"1001,1002",2026-03-31T14:24:23.104817
"1002,1003",2026-03-31T14:24:27.663774
"1003,1004",2026-03-31T14:24:32.254290
"1004,1005",2026-03-31T14:24:37.195852
"1005,1006",2026-03-31T14:24:41.959598
"1006,1007",2026-03-31T14:24:47.046496
"1007,1008",2026-03-31T14:24:52.233609
"1008,1009",2026-03-31T14:24:57.109912
"1009,1010",2026-03-31T14:25:01.702203
"1010,1011",2026-03-31T14:25:06.199857
"1011,1012",2026-03-31T14:25:10.857335
"1012,1013",2026-03-31T14:25:15.739943
"1013,1014",2026-03-31T14:25:20.726626
"1014,1015",2026-03-31T14:25:25.669966
"1015,1016",2026-03-31T14:25:30.718093
"1016,1017",2026-03-31T14:25:36.618853
"1017,1018",2026-03-31T14:25:41.680963
"1018,1019",2026-03-31T14:25:46.703977
"1019,1020",2026-03-31T14:25:51.531937
"1020,1021",2026-03-31T14:25:56.579349
"1021,1022",2026-03-31T14:26:01.907267
"1022,1023",2026-03-31T14:26:07.059252
"1023,1024",2026-03-31T14:26:12.448797
"1024,1025",2026-03-31T14:26:17.861360
"1025,1026",2026-03-31T14:26:23.369558
"1026,1027",2026-03-31T14:26:28.209610
"1027,1028",2026-03-31T14:26:32.094590
"1028,1029",2026-03-31T14:26:35.681675
"1029,1030",2026-03-31T14:26:40.490239
"1030,1031",2026-03-31T14:26:45.726737
"1031,1032",2026-03-31T14:26:49.962199
"1032,1033",2026-03-31T14:26:54.102536
"1033,1034",2026-03-31T14:27:00.120516
"1034,1035",2026-03-31T14:27:04.791810
"1035,1036",2026-03-31T14:27:08.018437
"1036,1037",2026-03-31T14:27:11.267964
"1037,1038",2026-03-31T14:27:16.490398
"1038,1039",2026-03-31T14:27:21.386896
"1039,1040",2026-03-31T14:27:26.105402
"1040,1041",2026-03-31T14:27:30.788718
"1041,1042",2026-03-31T14:27:35.980577
"1042,1043",2026-03-31T14:27:41.729481
"1043,1044",2026-03-31T14:27:46.441540
"1044,1045",2026-03-31T14:27:50.334832
"1045,1046",2026-03-31T14:27:53.145178
"1046,1047",2026-03-31T14:27:56.861571
"1047,1048",2026-03-31T14:28:01.530682
"1048,1049",2026-03-31T14:28:05.468938
"1049,1050",2026-03-31T14:28:09.351115
"1050,1051",2026-03-31T14:28:14.126748
"1051,1052",2026-03-31T14:28:18.832885
"1052,1053",2026-03-31T14:28:23.430433
"1053,1054",2026-03-31T14:28:27.907920
"1054,1055",2026-03-31T14:28:31.430141
"1055,1056",2026-03-31T14:28:34.855908
"1056,1057",2026-03-31T14:28:39.700788
"1057,1058",2026-03-31T14:28:44.302015
"1058,1059",2026-03-31T14:28:48.250155
"1059,1060",2026-03-31T14:28:52.134318
"1060,1061",2026-03-31T14:28:57.512274
"1061,1062",2026-03-31T14:29:02.334287
"1062,1063",2026-03-31T14:29:05.667442
"1063,1064",2026-03-31T14:29:08.997067
"1064,1065",2026-03-31T14:29:13.789837
"1065,1066",2026-03-31T14:29:19.167658
"1066,1067",2026-03-31T14:29:24.068989
"1067,1068",2026-03-31T14:29:28.288317
"1068,1069",2026-03-31T14:29:33.421008
"1069,1070",2026-03-31T14:29:38.470662
"1070,1071",2026-03-31T14:29:43.447100
"1071,1072",2026-03-31T14:29:47.637022
"1072,1073",2026-03-31T14:29:50.469636
"1073,1074",2026-03-31T14:29:54.001959
"1074,1075",2026-03-31T14:29:59.261847
"1075,1076",2026-03-31T14:30:03.724432
"1076,1077",2026-03-31T14:30:08.339955
"1077,1078",2026-03-31T14:30:14.225868
"1078,1079",2026-03-31T14:30:19.769642
"1079,1080",2026-03-31T14:30:25.118977
"1080,1081",2026-03-31T14:30:30.604535
"1081,1082",2026-03-31T14:30:36.143033
"1082,1083",2026-03-31T14:30:42.091883
"1083,1084",2026-03-31T14:30:47.695805
"1084,1085",2026-03-31T14:30:53.082523
"1085,1086",2026-03-31T14:30:58.338678
"1086,1087",2026-03-31T14:31:03.958374
"1087,1088",2026-03-31T14:31:10.051911
"1088,1089",2026-03-31T14:31:15.975821
"1089,1090",2026-03-31T14:31:22.181746
"1090,1091",2026-03-31T14:31:27.458873
"1091,1092",2026-03-31T14:31:33.252920
"1092,1093",2026-03-31T14:31:38.823464
"1093,1094",2026-03-31T14:31:44.389821
"1094,1095",2026-03-31T14:31:50.052945
"1095,1096",2026-03-31T14:31:55.482004
"1096,1097",2026-03-31T14:32:00.441749
"1097,1098",2026-03-31T14:32:05.616664
"1098,1099",2026-03-31T14:32:10.667074
"1099,1100",2026-03-31T14:32:15.630868
"1100,1101",2026-03-31T14:32:20.372248
"1101,1102",2026-03-31T14:32:25.283916
"1102,1103",2026-03-31T14:32:30.115390
"1103,1104",2026-03-31T14:32:35.297862
"1104,1105",2026-03-31T14:32:40.449004
"1105,1106",2026-03-31T14:32:45.272055
"1106,1107",2026-03-31T14:32:50.372891
"1107,1108",2026-03-31T14:32:55.465393
"1108,1109",2026-03-31T14:33:00.563759
"1109,1110",2026-03-31T14:33:05.651291
"1110,1111",2026-03-31T14:33:10.712417
"1111,1112",2026-03-31T14:33:16.280344
"1112,1113",2026-03-31T14:33:21.601606
"1113,1114",2026-03-31T14:33:26.612143
"1114,1115",2026-03-31T14:33:31.545740
"1115,1116",2026-03-31T14:33:36.384985
"1116,1117",2026-03-31T14:33:41.568245
"1117,1118",2026-03-31T14:33:46.560766
"1118,1119",2026-03-31T14:33:51.492500
"1119,1120",2026-03-31T14:33:56.742919
"1120,1121",2026-03-31T14:34:02.071193
"1121,1122",2026-03-31T14:34:07.317591
"1122,1123",2026-03-31T14:34:12.505519
"1123,1124",2026-03-31T14:34:17.811513
"1124,1125",2026-03-31T14:34:22.861239
"1125,1126",2026-03-31T14:34:28.067226
"1126,1127",2026-03-31T14:34:33.248252
"1127,1128",2026-03-31T14:34:38.158671
"1128,1129",2026-03-31T14:34:43.278525
"1129,1130",2026-03-31T14:34:48.335041
"1130,1131",2026-03-31T14:34:53.232178
"1131,1132",2026-03-31T14:34:58.659073
"1132,1133",2026-03-31T14:35:03.789961
"1133,1134",2026-03-31T14:35:08.830933
"1134,1135",2026-03-31T14:35:14.253927
"1135,1136",2026-03-31T14:35:19.225059
"1136,1137",2026-03-31T14:35:24.278517
"1137,1138",2026-03-31T14:35:29.603557
"1138,1139",2026-03-31T14:35:34.412454
"1139,1140",2026-03-31T14:35:39.611592
"1140,1141",2026-03-31T14:35:44.783157
"1141,1142",2026-03-31T14:35:49.642141
"1142,1143",2026-03-31T14:35:54.298966
"1143,1144",2026-03-31T14:35:59.257048
"1144,1145",2026-03-31T14:36:04.131637
"1145,1146",2026-03-31T14:36:09.244450
"1146,1147",2026-03-31T14:36:15.078877
"1147,1148",2026-03-31T14:36:20.894726
"1148,1149",2026-03-31T14:36:26.525274
"1149,1150",2026-03-31T14:36:32.594634
"1150,1151",2026-03-31T14:36:38.152536
"1151,1152",2026-03-31T14:36:44.105661
"1152,1153",2026-03-31T14:36:49.127333
"1153,1154",2026-03-31T14:36:54.015125
"1154,1155",2026-03-31T14:36:58.918606
"1155,1156",2026-03-31T14:37:04.436457
"1156,1157",2026-03-31T14:37:09.118041
"1157,1158",2026-03-31T14:37:14.343682
"1158,1159",2026-03-31T14:37:19.127757
"1159,1160",2026-03-31T14:37:23.999854
"1160,1161",2026-03-31T14:37:28.957687
"1161,1162",2026-03-31T14:37:33.742001
"1162,1163",2026-03-31T14:37:38.490701
"1163,1164",2026-03-31T14:37:43.379627
"1164,1165",2026-03-31T14:37:47.925909
"1165,1166",2026-03-31T14:37:52.703975
"1166,1167",2026-03-31T14:37:57.276046
"1167,1168",2026-03-31T14:38:03.798058
"1168,1169",2026-03-31T14:38:08.818556
"1169,1170",2026-03-31T14:38:13.940081
"1170,1171",2026-03-31T14:38:18.856688
"1171,1172",2026-03-31T14:38:24.195926
"1172,1173",2026-03-31T14:38:29.528107
"1173,1174",2026-03-31T14:38:34.480740
"1174,1175",2026-03-31T14:38:39.152766
"1175,1176",2026-03-31T14:38:44.437818
"1176,1177",2026-03-31T14:38:49.092700
"1177,1178",2026-03-31T14:38:53.711159
"1178,1179",2026-03-31T14:38:58.569732
"1179,1180",2026-03-31T14:39:03.764275
"1180,1181",2026-03-31T14:39:09.573209
"1181,1182",2026-03-31T14:39:14.949901
"1182,1183",2026-03-31T14:39:20.135473
"1183,1184",2026-03-31T14:39:25.238173
"1184,1185",2026-03-31T14:39:30.493763
"1185,1186",2026-03-31T14:39:35.588716
"1186,1187",2026-03-31T14:39:40.777528
"1187,1188",2026-03-31T14:39:45.703051
"1188,1189",2026-03-31T14:39:51.251455
"1189,1190",2026-03-31T14:39:57.422509
"1190,1191",2026-03-31T14:40:03.124276
"1191,1192",2026-03-31T14:40:09.284324
"1192,1193",2026-03-31T14:40:14.675488
"1193,1194",2026-03-31T14:40:20.072095
"1194,1195",2026-03-31T14:40:25.275201
"1195,1196",2026-03-31T14:40:30.402514
"1196,1197",2026-03-31T14:40:35.688273
"1197,1198",2026-03-31T14:40:40.977511
"1198,1199",2026-03-31T14:40:47.065835
"1199,1200",2026-03-31T14:40:53.207272
"1200,1201",2026-03-31T14:40:59.042298
"1201,1202",2026-03-31T14:41:04.317318
"1202,1203",2026-03-31T14:41:10.613664
"1203,1204",2026-03-31T14:41:15.909414
"1204,1205",2026-03-31T14:41:21.213550
"1205,1206",2026-03-31T14:41:26.973967
"1206,1207",2026-03-31T14:41:32.367105
"1207,1208",2026-03-31T14:41:37.571715
"1208,1209",2026-03-31T14:41:43.388742
"1209,1210",2026-03-31T14:41:48.852265
"1210,1211",2026-03-31T14:41:54.080290
"1211,1212",2026-03-31T14:41:59.168721
"1212,1213",2026-03-31T14:42:04.687332
"1213,1214",2026-03-31T14:42:09.919143
"1214,1215",2026-03-31T14:42:14.993045
"1215,1216",2026-03-31T14:42:20.204555
"1216,1217",2026-03-31T14:42:25.650572
"1217,1218",2026-03-31T14:42:30.701013
"1218,1219",2026-03-31T14:42:35.737560
"1219,1220",2026-03-31T14:42:40.639103
"1220,1221",2026-03-31T14:42:45.603156
"1221,1222",2026-03-31T14:42:51.086047
"1222,1223",2026-03-31T14:42:56.728186
"1223,1224",2026-03-31T14:43:01.624161
"1224,1225",2026-03-31T14:43:06.829926
"1225,1226",2026-03-31T14:43:11.709621
"1226,1227",2026-03-31T14:43:16.583951
"1227,1228",2026-03-31T14:43:21.791195
"1228,1229",2026-03-31T14:43:26.813504
"1229,1230",2026-03-31T14:43:31.833198
"1230,1231",2026-03-31T14:43:36.935677
"1231,1232",2026-03-31T14:43:42.081853
"1232,1233",2026-03-31T14:43:46.842094
"1233,1234",2026-03-31T14:43:52.127139
"1234,1235",2026-03-31T14:43:57.291697
"1235,1236",2026-03-31T14:44:02.654620
"1236,1237",2026-03-31T14:44:07.952748
"1237,1238",2026-03-31T14:44:12.975997
"1238,1239",2026-03-31T14:44:17.998357
"1239,1240",2026-03-31T14:44:23.148658
"1240,1241",2026-03-31T14:44:28.436941
"1241,1242",2026-03-31T14:44:33.411604
"1242,1243",2026-03-31T14:44:38.419520
"1243,1244",2026-03-31T14:44:43.570690
"1244,1245",2026-03-31T14:44:48.270466
"1245,1246",2026-03-31T14:44:52.964982
"1246,1247",2026-03-31T14:44:57.828667
"1247,1248",2026-03-31T14:45:02.565910
"1248,1249",2026-03-31T14:45:07.068343
"1249,1250",2026-03-31T14:45:11.620756
"1250,1251",2026-03-31T14:45:16.393835
"1251,1252",2026-03-31T14:45:21.126618
"1252,1253",2026-03-31T14:45:25.758733
"1253,1254",2026-03-31T14:45:30.272786
"1254,1255",2026-03-31T14:45:34.861756
"1255,1256",2026-03-31T14:45:39.530705
"1256,1257",2026-03-31T14:45:44.180413
"1257,1258",2026-03-31T14:45:48.894548
"1258,1259",2026-03-31T14:45:53.500879
"1259,1260",2026-03-31T14:45:58.176865
"1260,1261",2026-03-31T14:46:02.932560
"1261,1262",2026-03-31T14:46:07.622802
"1262,1263",2026-03-31T14:46:11.990828
"1263,1264",2026-03-31T14:46:16.750448
"1264,1265",2026-03-31T14:46:21.355636
"1265,1266",2026-03-31T14:46:25.845562
"1266,1267",2026-03-31T14:46:30.678465
"1267,1268",2026-03-31T14:46:35.285519
"1268,1269",2026-03-31T14:46:40.043715
"1269,1270",2026-03-31T14:46:44.942708
"1270,1271",2026-03-31T14:46:49.491718
"1271,1272",2026-03-31T14:46:54.120686
"1272,1273",2026-03-31T14:46:59.798538
"1273,1274",2026-03-31T14:47:05.639643
"1274,1275",2026-03-31T14:47:11.010929
"1275,1276",2026-03-31T14:47:16.217441
"1276,1277",2026-03-31T14:47:21.292982
"1277,1278",2026-03-31T14:47:26.409168
"1278,1279",2026-03-31T14:47:31.164929
"1279,1280",2026-03-31T14:47:36.135672
"1280,1281",2026-03-31T14:47:41.175327
"1281,1282",2026-03-31T14:47:46.143610
"1282,1283",2026-03-31T14:47:51.231765
"1283,1284",2026-03-31T14:47:55.977944
"1284,1285",2026-03-31T14:48:00.862378
"1285,1286",2026-03-31T14:48:05.893373
"1286,1287",2026-03-31T14:48:11.127432
"1287,1288",2026-03-31T14:48:15.897886
"1288,1289",2026-03-31T14:48:20.463049
"1289,1290",2026-03-31T14:48:25.435642
"1290,1291",2026-03-31T14:48:30.378628
"1291,1292",2026-03-31T14:48:35.262199
"1292,1293",2026-03-31T14:48:39.993229
"1293,1294",2026-03-31T14:48:44.505654
"1294,1295",2026-03-31T14:48:48.953169
"1295,1296",2026-03-31T14:48:53.349066
"1296,1297",2026-03-31T14:48:57.696756
"1297,1298",2026-03-31T14:49:01.090943
"1298,1299",2026-03-31T14:49:04.373617
"1299,1300",2026-03-31T14:49:08.642221
"1300,1301",2026-03-31T14:49:12.817447
"1301,1302",2026-03-31T14:49:16.615036
"1302,1303",2026-03-31T14:49:20.396177
"1303,1304",2026-03-31T14:49:24.612922
"1304,1305",2026-03-31T14:49:28.473680
"1305,1306",2026-03-31T14:49:31.510840
"1306,1307",2026-03-31T14:49:34.261519
"1307,1308",2026-03-31T14:49:38.071555
"1308,1309",2026-03-31T14:49:42.545293
"1309,1310",2026-03-31T14:49:46.643033
"1310,1311",2026-03-31T14:49:50.596185
"1311,1312",2026-03-31T14:49:54.455351
"1312,1313",2026-03-31T14:49:59.257079
"1313,1314",2026-03-31T14:50:04.394141
"1314,1315",2026-03-31T14:50:08.170046
"1315,1316",2026-03-31T14:50:11.484339
"1316,1317",2026-03-31T14:50:15.455275
"1317,1318",2026-03-31T14:50:20.381961
"1318,1319",2026-03-31T14:50:25.474062
"1319,1320",2026-03-31T14:50:30.226885
"1320,1321",2026-03-31T14:50:35.624648
"1321,1322",2026-03-31T14:50:40.925147
"1322,1323",2026-03-31T14:50:46.219381
"1323,1324",2026-03-31T14:50:51.384680
"1324,1325",2026-03-31T14:50:55.584202
"1325,1326",2026-03-31T14:51:00.511327
"1326,1327",2026-03-31T14:51:06.252906
"1327,1328",2026-03-31T14:51:12.450004
"1328,1329",2026-03-31T14:51:17.304426
"1329,1330",2026-03-31T14:51:22.141038
"1330,1331",2026-03-31T14:51:27.733117
"1331,1332",2026-03-31T14:51:33.353115
"1332,1333",2026-03-31T14:51:37.026942
"1333,1334",2026-03-31T14:51:40.992295
"1334,1335",2026-03-31T14:51:46.419727
"1335,1336",2026-03-31T14:51:51.712153
"1336,1337",2026-03-31T14:51:56.949039
"1337,1338",2026-03-31T14:52:02.183214
"1338,1339",2026-03-31T14:52:07.454586
"1339,1340",2026-03-31T14:52:13.756214
"1340,1341",2026-03-31T14:52:18.975278
"1341,1342",2026-03-31T14:52:23.451628
"1342,1343",2026-03-31T14:52:26.499099
"1343,1344",2026-03-31T14:52:30.805242
"1344,1345",2026-03-31T14:52:36.219591
"1345,1346",2026-03-31T14:52:40.892162
"1346,1347",2026-03-31T14:52:45.262372
"1347,1348",2026-03-31T14:52:50.819242
"1348,1349",2026-03-31T14:52:56.191441
"1349,1350",2026-03-31T14:53:01.508297
"1350,1351",2026-03-31T14:53:07.107296
"1351,1352",2026-03-31T14:53:12.372622
"1352,1353",2026-03-31T14:53:18.003465
"1353,1354",2026-03-31T14:53:23.372058
"1354,1355",2026-03-31T14:53:28.952838
"1355,1356",2026-03-31T14:53:34.675154
"1356,1357",2026-03-31T14:53:39.929439
"1357,1358",2026-03-31T14:53:45.745380
"1358,1359",2026-03-31T14:53:51.821047
"1359,1360",2026-03-31T14:53:57.620252
"1360,1361",2026-03-31T14:54:03.111369
"1361,1362",2026-03-31T14:54:08.728009
"1362,1363",2026-03-31T14:54:13.837450
"1363,1364",2026-03-31T14:54:18.698934
"1364,1365",2026-03-31T14:54:23.656090
"1365,1366",2026-03-31T14:54:29.103149
"1366,1367",2026-03-31T14:54:34.277932
"1367,1368",2026-03-31T14:54:39.158429
"1368,1369",2026-03-31T14:54:44.311937
"1369,1370",2026-03-31T14:54:48.975109
"1370,1371",2026-03-31T14:54:53.314862
"1371,1372",2026-03-31T14:54:58.296029
"1372,1373",2026-03-31T14:55:02.736251
"1373,1374",2026-03-31T14:55:07.139448
"1374,1375",2026-03-31T14:55:11.576827
"1375,1376",2026-03-31T14:55:16.128601
"1376,1377",2026-03-31T14:55:20.487610
"1377,1378",2026-03-31T14:55:25.291812
"1378,1379",2026-03-31T14:55:31.155112
"1379,1380",2026-03-31T14:55:36.095265
"1380,1381",2026-03-31T14:55:41.076140
"1381,1382",2026-03-31T14:55:45.877274
"1382,1383",2026-03-31T14:55:50.659794
"1383,1384",2026-03-31T14:55:55.465875
"1384,1385",2026-03-31T14:56:01.096806
"1385,1386",2026-03-31T14:56:06.397541
"1386,1387",2026-03-31T14:56:11.671345
"1387,1388",2026-03-31T14:56:17.021870
"1388,1389",2026-03-31T14:56:22.052753
"1389,1390",2026-03-31T14:56:27.926442
"1390,1391",2026-03-31T14:56:33.091810
"1391,1392",2026-03-31T14:56:38.139946
"1392,1393",2026-03-31T14:56:43.667841
"1393,1394",2026-03-31T14:56:48.896248
"1394,1395",2026-03-31T14:56:54.243895
"1395,1396",2026-03-31T14:56:59.252203
"1396,1397",2026-03-31T14:57:04.607942
"1397,1398",2026-03-31T14:57:09.968762
"1398,1399",2026-03-31T14:57:15.207800
"1399,1400",2026-03-31T14:57:20.458073
"1400,1401",2026-03-31T14:57:25.937155
"1401,1402",2026-03-31T14:57:31.302223
"1402,1403",2026-03-31T14:57:37.040489
"1403,1404",2026-03-31T14:57:42.284967
"1404,1405",2026-03-31T14:57:47.500609
"1405,1406",2026-03-31T14:57:52.764979
"1406,1407",2026-03-31T14:57:57.979959
"1407,1408",2026-03-31T14:58:03.735309
"1408,1409",2026-03-31T14:58:08.894224
"1409,1410",2026-03-31T14:58:14.372769
"1410,1411",2026-03-31T14:58:19.551884
"1411,1412",2026-03-31T14:58:24.627703
"1412,1413",2026-03-31T14:58:29.598004
"1413,1414",2026-03-31T14:58:34.615697
"1414,1415",2026-03-31T14:58:40.083610
"1415,1416",2026-03-31T14:58:45.494626
"1416,1417",2026-03-31T14:58:51.298103
"1417,1418",2026-03-31T14:58:57.132600
"1418,1419",2026-03-31T14:59:02.693563
"1419,1420",2026-03-31T14:59:08.128891
"1420,1421",2026-03-31T14:59:13.949162
"1421,1422",2026-03-31T14:59:19.809133
"1422,1423",2026-03-31T14:59:24.917461
"1423,1424",2026-03-31T14:59:29.967824
"1424,1425",2026-03-31T14:59:35.223559
"1425,1426",2026-03-31T14:59:40.261385
"1426,1427",2026-03-31T14:59:45.877237
"1427,1428",2026-03-31T14:59:51.145465
"1428,1429",2026-03-31T14:59:56.140829
"1429,1430",2026-03-31T15:00:01.196604
"1430,1431",2026-03-31T15:00:06.189406
"1431,1432",2026-03-31T15:00:11.150325
"1432,1433",2026-03-31T15:00:16.291244
"1433,1434",2026-03-31T15:00:21.607379
"1434,1435",2026-03-31T15:00:26.579476
"1435,1436",2026-03-31T15:00:32.226442
"1436,1437",2026-03-31T15:00:37.456436
"1437,1438",2026-03-31T15:00:43.069744
"1438,1439",2026-03-31T15:00:48.575466
"1439,1440",2026-03-31T15:00:53.923710
"1440,1441",2026-03-31T15:00:59.038039
"1441,1442",2026-03-31T15:01:03.854435
"1442,1443",2026-03-31T15:01:09.087857
"1443,1444",2026-03-31T15:01:14.125505
"1444,1445",2026-03-31T15:01:19.225743
"1445,1446",2026-03-31T15:01:24.547438
"1446,1447",2026-03-31T15:01:30.143461
"1447,1448",2026-03-31T15:01:35.505284
"1448,1449",2026-03-31T15:01:40.095557
"1449,1450",2026-03-31T15:01:44.856995
"1450,1451",2026-03-31T15:01:49.426793
"1451,1452",2026-03-31T15:01:53.996978
"1452,1453",2026-03-31T15:01:58.591580
"1453,1454",2026-03-31T15:02:03.037335
"1454,1455",2026-03-31T15:02:07.449813
"1455,1456",2026-03-31T15:02:11.655231
"1456,1457",2026-03-31T15:02:16.035706
"1457,1458",2026-03-31T15:02:20.298317
"1458,1459",2026-03-31T15:02:24.676282
"1459,1460",2026-03-31T15:02:28.885082
"1460,1461",2026-03-31T15:02:33.183819
"1461,1462",2026-03-31T15:02:37.689012
"1462,1463",2026-03-31T15:02:43.170900
"1463,1464",2026-03-31T15:02:48.134883
"1464,1465",2026-03-31T15:02:53.505151
"1465,1466",2026-03-31T15:02:58.736052
"1466,1467",2026-03-31T15:03:03.713196
"1467,1468",2026-03-31T15:03:09.103030
"1468,1469",2026-03-31T15:03:14.419113
"1469,1470",2026-03-31T15:03:19.355705
"1470,1471",2026-03-31T15:03:23.945910
"1471,1472",2026-03-31T15:03:28.782684
"1472,1473",2026-03-31T15:03:33.575014
"1473,1474",2026-03-31T15:03:38.592455
"1474,1475",2026-03-31T15:03:43.818411
"1475,1476",2026-03-31T15:03:48.932843
"1476,1477",2026-03-31T15:03:54.029294
"1477,1478",2026-03-31T15:03:59.255542
"1478,1479",2026-03-31T15:04:04.214841
"1479,1480",2026-03-31T15:04:09.238482
"1480,1481",2026-03-31T15:04:14.100377
"1481,1482",2026-03-31T15:04:18.842340
"1482,1483",2026-03-31T15:04:23.673088
"1483,1484",2026-03-31T15:04:28.308245
"1484,1485",2026-03-31T15:04:32.645919
"1485,1486",2026-03-31T15:04:37.065768
"1486,1487",2026-03-31T15:04:42.250814
"1487,1488",2026-03-31T15:04:47.930046
"1488,1489",2026-03-31T15:04:55.112763
"1489,1490",2026-03-31T15:04:59.993944
"1490,1491",2026-03-31T15:05:04.970519
"1491,1492",2026-03-31T15:05:09.872876
"1492,1493",2026-03-31T15:05:15.113426
"1493,1494",2026-03-31T15:05:19.811023
"1494,1495",2026-03-31T15:05:24.489552
"1495,1496",2026-03-31T15:05:29.612438
"1496,1497",2026-03-31T15:05:35.082856
"1497,1498",2026-03-31T15:05:40.343360
"1498,1499",2026-03-31T15:05:45.416002
"1499,1500",2026-03-31T15:05:50.746342
"1500,1501",2026-03-31T15:05:55.586602
"1501,1502",2026-03-31T15:06:00.544310
"1502,1503",2026-03-31T15:06:05.550336
"1503,1504",2026-03-31T15:06:10.553167
"1504,1505",2026-03-31T15:06:15.541890
"1505,1506",2026-03-31T15:06:20.183695
"1506,1507",2026-03-31T15:06:25.117840
"1507,1508",2026-03-31T15:06:30.335830
"1508,1509",2026-03-31T15:06:35.415497
"1509,1510",2026-03-31T15:06:40.461996
"1510,1511",2026-03-31T15:06:45.429731
"1511,1512",2026-03-31T15:06:50.289655
"1512,1513",2026-03-31T15:06:55.324890
"1513,1514",2026-03-31T15:07:00.312926
"1514,1515",2026-03-31T15:07:05.721984
"1515,1516",2026-03-31T15:07:11.060687
"1516,1517",2026-03-31T15:07:16.378131
"1517,1518",2026-03-31T15:07:21.424197
"1518,1519",2026-03-31T15:07:26.873964
"1519,1520",2026-03-31T15:07:32.025082
"1520,1521",2026-03-31T15:07:36.916742
"1521,1522",2026-03-31T15:07:41.608827
"1522,1523",2026-03-31T15:07:46.024051
"1523,1524",2026-03-31T15:07:50.804362
"1524,1525",2026-03-31T15:07:56.075545
"1525,1526",2026-03-31T15:08:00.735436
"1526,1527",2026-03-31T15:08:05.414947
"1527,1528",2026-03-31T15:08:10.233665
"1528,1529",2026-03-31T15:08:14.782494
"1529,1530",2026-03-31T15:08:19.458027
"1530,1531",2026-03-31T15:08:24.191970
"1531,1532",2026-03-31T15:08:29.066897
"1532,1533",2026-03-31T15:08:33.864144
"1533,1534",2026-03-31T15:08:38.903855
"1534,1535",2026-03-31T15:08:43.447806
"1535,1536",2026-03-31T15:08:48.261616
"1536,1537",2026-03-31T15:08:52.979641
"1537,1538",2026-03-31T15:08:57.702745
"1538,1539",2026-03-31T15:09:02.300857
"1539,1540",2026-03-31T15:09:06.919386
"1540,1541",2026-03-31T15:09:11.656169
"1541,1542",2026-03-31T15:09:16.253442
"1542,1543",2026-03-31T15:09:20.886183
"1543,1544",2026-03-31T15:09:25.366247
"1544,1545",2026-03-31T15:09:30.022092
"1545,1546",2026-03-31T15:09:34.846306
"1546,1547",2026-03-31T15:09:39.506321
"1547,1548",2026-03-31T15:09:44.117354
"1548,1549",2026-03-31T15:09:48.633030
"1549,1550",2026-03-31T15:09:53.251426
"1550,1551",2026-03-31T15:09:58.066212
"1551,1552",2026-03-31T15:10:02.652407
"1552,1553",2026-03-31T15:10:07.406949
"1553,1554",2026-03-31T15:10:11.931499
"1554,1555",2026-03-31T15:10:16.414010
"1555,1556",2026-03-31T15:10:21.062911
"1556,1557",2026-03-31T15:10:25.806702
"1557,1558",2026-03-31T15:10:30.390356
"1558,1559",2026-03-31T15:10:34.781977
"1559,1560",2026-03-31T15:10:39.099826
"1560,1561",2026-03-31T15:10:43.525574
"1561,1562",2026-03-31T15:10:47.850505
"1562,1563",2026-03-31T15:10:52.097083
"1563,1564",2026-03-31T15:10:56.565964
"1564,1565",2026-03-31T15:11:00.969486
"1565,1566",2026-03-31T15:11:05.400066
"1566,1567",2026-03-31T15:11:09.651853
"1567,1568",2026-03-31T15:11:13.179965
"1568,1569",2026-03-31T15:11:16.518792
"1569,1570",2026-03-31T15:11:20.631586
"1570,1571",2026-03-31T15:11:25.589689
"1571,1572",2026-03-31T15:11:30.021046
"1572,1573",2026-03-31T15:11:34.446649
"1573,1574",2026-03-31T15:11:39.548312
"1574,1575",2026-03-31T15:11:44.161306
"1575,1576",2026-03-31T15:11:47.567667
"1576,1577",2026-03-31T15:11:50.874509
"1577,1578",2026-03-31T15:11:55.220170
"1578,1579",2026-03-31T15:11:59.996260
"1579,1580",2026-03-31T15:12:04.327167
"1580,1581",2026-03-31T15:12:08.183020
"1581,1582",2026-03-31T15:12:12.418092
"1582,1583",2026-03-31T15:12:16.862564
"1583,1584",2026-03-31T15:12:21.190833
"1584,1585",2026-03-31T15:12:25.140059
"1585,1586",2026-03-31T15:12:27.650449
"1586,1587",2026-03-31T15:12:30.889258
"1587,1588",2026-03-31T15:12:35.034042
"1588,1589",2026-03-31T15:12:38.584672
"1589,1590",2026-03-31T15:12:42.131999
"1590,1591",2026-03-31T15:12:46.293863
"1591,1592",2026-03-31T15:12:50.464363
"1592,1593",2026-03-31T15:12:54.775734
"1593,1594",2026-03-31T15:12:59.031117
"1594,1595",2026-03-31T15:13:02.279209
"1595,1596",2026-03-31T15:13:05.462630
"1596,1597",2026-03-31T15:13:09.491400
"1597,1598",2026-03-31T15:13:13.684876
"1598,1599",2026-03-31T15:13:17.180858
"1599,1600",2026-03-31T15:13:20.863469
"1600,1601",2026-03-31T15:13:25.168605
"1601,1602",2026-03-31T15:13:29.111995
"1602,1603",2026-03-31T15:13:32.338311
"1603,1604",2026-03-31T15:13:35.498549
"1604,1605",2026-03-31T15:13:39.644632
"1605,1606",2026-03-31T15:13:43.870903
"1606,1607",2026-03-31T15:13:48.216119
"1607,1608",2026-03-31T15:13:52.238925
"1608,1609",2026-03-31T15:13:56.297431
"1609,1610",2026-03-31T15:14:00.492504
"1610,1611",2026-03-31T15:14:04.559131
"1611,1612",2026-03-31T15:14:07.923248
"1612,1613",2026-03-31T15:14:10.640478
"1613,1614",2026-03-31T15:14:13.940257
"1614,1615",2026-03-31T15:14:17.971438
"1615,1616",2026-03-31T15:14:21.803918
"1616,1617",2026-03-31T15:14:25.363335
"1617,1618",2026-03-31T15:14:29.441632
"1618,1619",2026-03-31T15:14:33.682564
"1619,1620",2026-03-31T15:14:38.459874
"1620,1621",2026-03-31T15:14:43.295136
"1621,1622",2026-03-31T15:14:48.246734
"1622,1623",2026-03-31T15:14:53.060170
"1623,1624",2026-03-31T15:14:57.469486
"1624,1625",2026-03-31T15:15:01.400625
"1625,1626",2026-03-31T15:15:04.933179
"1626,1627",2026-03-31T15:15:07.686958
"1627,1628",2026-03-31T15:15:10.151358
"1628,1629",2026-03-31T15:15:12.233668
"1629,1630",2026-03-31T15:15:14.250478
"1630,1631",2026-03-31T15:15:17.352002
"1631,1632",2026-03-31T15:15:21.725082
"1632,1633",2026-03-31T15:15:25.968744
"1633,1634",2026-03-31T15:15:30.089984
"1634,1635",2026-03-31T15:15:33.820598
"1635,1636",2026-03-31T15:15:36.775957
"1636,1637",2026-03-31T15:15:39.328375
"1637,1638",2026-03-31T15:15:41.456277
"1638,1639",2026-03-31T15:15:43.395431
"1639,1640",2026-03-31T15:15:45.362345
"1640,1641",2026-03-31T15:15:48.212742
"1641,1642",2026-03-31T15:15:52.593834
"1642,1643",2026-03-31T15:15:56.665090
"1643,1644",2026-03-31T15:16:00.342104
"1644,1645",2026-03-31T15:16:03.334304
"1645,1646",2026-03-31T15:16:05.822076
"1646,1647",2026-03-31T15:16:08.033540
"1647,1648",2026-03-31T15:16:10.081390
"1648,1649",2026-03-31T15:16:11.945769
"1649,1650",2026-03-31T15:16:13.769670
"1650,1651",2026-03-31T15:16:16.514561
"1651,1652",2026-03-31T15:16:20.406390
"1652,1653",2026-03-31T15:18:34.845921
"1653,1654",2026-03-31T15:18:38.208384
"1654,1655",2026-03-31T15:18:40.926985
"1655,1656",2026-03-31T15:18:43.404276
"1656,1657",2026-03-31T15:18:45.644784
"1657,1658",2026-03-31T15:18:47.772496
"1658,1659",2026-03-31T15:18:49.788000
"1659,1660",2026-03-31T15:18:51.789619
"1660,1661",2026-03-31T15:18:54.650949
"1661,1662",2026-03-31T15:18:58.839241
"1662,1663",2026-03-31T15:19:02.051712
"1663,1664",2026-03-31T15:19:04.570422
"1664,1665",2026-03-31T15:19:06.858864
"1665,1666",2026-03-31T15:19:09.124097
"1666,1667",2026-03-31T15:19:11.314041
"1667,1668",2026-03-31T15:19:13.295900
"1668,1669",2026-03-31T15:19:15.237772
"1669,1670",2026-03-31T15:19:17.135306
"1670,1671",2026-03-31T15:19:20.392887
"1671,1672",2026-03-31T15:19:24.080294
"1672,1673",2026-03-31T15:19:27.287958
"1673,1674",2026-03-31T15:19:30.159723
"1674,1675",2026-03-31T15:19:32.487017
"1675,1676",2026-03-31T15:19:34.686435
"1676,1677",2026-03-31T15:19:36.790296
"1677,1678",2026-03-31T15:19:38.975350
"1678,1679",2026-03-31T15:19:40.995022
"1679,1680",2026-03-31T15:19:42.907284
"1680,1681",2026-03-31T15:19:45.503242
"1681,1682",2026-03-31T15:19:48.549581
"1682,1683",2026-03-31T15:19:51.099170
"1683,1684",2026-03-31T15:19:53.285307
"1684,1685",2026-03-31T15:19:55.409430
"1685,1686",2026-03-31T15:19:57.480989
"1686,1687",2026-03-31T15:19:59.414426
"1687,1688",2026-03-31T15:20:01.322258
"1688,1689",2026-03-31T15:20:03.219261
"1689,1690",2026-03-31T15:20:05.067623
"1690,1691",2026-03-31T15:20:07.237316
"1691,1692",2026-03-31T15:20:09.858500
"1692,1693",2026-03-31T15:20:12.305536
"1693,1694",2026-03-31T15:20:14.499507
"1694,1695",2026-03-31T15:20:16.678792
"1695,1696",2026-03-31T15:20:18.734209
"1696,1697",2026-03-31T15:20:20.706555
"1697,1698",2026-03-31T15:20:22.702143
"1698,1699",2026-03-31T15:20:24.645693
"1699,1700",2026-03-31T15:20:26.461237
"1700,1701",2026-03-31T15:20:28.602551
"1701,1702",2026-03-31T15:20:30.823423
"1702,1703",2026-03-31T15:20:32.930620
"1703,1704",2026-03-31T15:20:34.907801
"1704,1705",2026-03-31T15:20:36.788388
"1705,1706",2026-03-31T15:20:38.660243
"1706,1707",2026-03-31T15:20:40.540132
"1707,1708",2026-03-31T15:20:42.352437
"1708,1709",2026-03-31T15:20:44.100393
"1709,1710",2026-03-31T15:20:45.871599
"1710,1711",2026-03-31T15:20:47.746706
"1711,1712",2026-03-31T15:20:49.762444
"1712,1713",2026-03-31T15:20:51.775156
"1713,1714",2026-03-31T15:20:53.642724
"1714,1715",2026-03-31T15:20:55.479328
"1715,1716",2026-03-31T15:20:57.266964
"1716,1717",2026-03-31T15:20:59.095581
"1717,1718",2026-03-31T15:21:00.898417
"1718,1719",2026-03-31T15:21:02.677514
"1719,1720",2026-03-31T15:21:04.442891
"1720,1721",2026-03-31T15:21:07.350699
